{
  "source_name": "Bank of England",
  "source_domain": "bankofengland.co.uk",
  "records_seen": 55,
  "accepted_count": 6,
  "review_count": 10,
  "rejected_count": 15,
  "filtered_out_count": 24,
  "accepted_ratio": 0.10909090909090909,
  "review_ratio": 0.18181818181818182,
  "rejected_ratio": 0.2727272727272727,
  "filtered_ratio": 0.43636363636363634,
  "avg_priority_score": 0.0,
  "avg_verification_confidence": 6.6875,
  "last_seen_at": "2026-03-31T18:04:39.018912+00:00"
}