{
  "source_name": "Bank of Canada",
  "source_domain": "bankofcanada.ca",
  "records_seen": 42,
  "accepted_count": 6,
  "review_count": 11,
  "rejected_count": 5,
  "filtered_out_count": 20,
  "accepted_ratio": 0.14285714285714285,
  "review_ratio": 0.2619047619047619,
  "rejected_ratio": 0.11904761904761904,
  "filtered_ratio": 0.47619047619047616,
  "avg_priority_score": 0.0,
  "avg_verification_confidence": 6.176470588235294,
  "last_seen_at": "2026-03-31T17:53:30.318350+00:00"
}