{
  "source_name": "Bank of England",
  "source_domain": "bankofengland.co.uk",
  "records_seen": 61,
  "accepted_count": 9,
  "review_count": 11,
  "rejected_count": 15,
  "filtered_out_count": 26,
  "accepted_ratio": 0.14754098360655737,
  "review_ratio": 0.18032786885245902,
  "rejected_ratio": 0.2459016393442623,
  "filtered_ratio": 0.4262295081967213,
  "avg_priority_score": 0.0,
  "avg_verification_confidence": 6.85,
  "last_seen_at": "2026-04-02T14:48:35.203210+00:00"
}