{
  "source_name": "Bank of Canada",
  "source_domain": "bankofcanada.ca",
  "records_seen": 72,
  "accepted_count": 12,
  "review_count": 15,
  "rejected_count": 16,
  "filtered_out_count": 29,
  "accepted_ratio": 0.16666666666666666,
  "review_ratio": 0.20833333333333334,
  "rejected_ratio": 0.2222222222222222,
  "filtered_ratio": 0.4027777777777778,
  "avg_priority_score": 0.0,
  "avg_verification_confidence": 5.666666666666667,
  "last_seen_at": "2026-04-04T13:06:01.810790+00:00"
}