{
  "source_name": "European Central Bank",
  "source_domain": "ecb.europa.eu",
  "records_seen": 37,
  "accepted_count": 7,
  "review_count": 1,
  "rejected_count": 19,
  "filtered_out_count": 10,
  "accepted_ratio": 0.1891891891891892,
  "review_ratio": 0.02702702702702703,
  "rejected_ratio": 0.5135135135135135,
  "filtered_ratio": 0.2702702702702703,
  "avg_priority_score": 0.0,
  "avg_verification_confidence": 8.125,
  "last_seen_at": "2026-03-31T18:19:57.907327+00:00"
}