{
  "source_name": "Federal Reserve",
  "source_domain": "federalreserve.gov",
  "records_seen": 53,
  "accepted_count": 4,
  "review_count": 7,
  "rejected_count": 37,
  "filtered_out_count": 5,
  "accepted_ratio": 0.07547169811320754,
  "review_ratio": 0.1320754716981132,
  "rejected_ratio": 0.6981132075471698,
  "filtered_ratio": 0.09433962264150944,
  "avg_priority_score": 0.0,
  "avg_verification_confidence": 6.909090909090909,
  "last_seen_at": "2026-03-31T18:48:52.506736+00:00"
}