{
  "source_name": "U.S. Department of the Treasury",
  "source_domain": "home.treasury.gov",
  "records_seen": 39,
  "accepted_count": 1,
  "review_count": 5,
  "rejected_count": 21,
  "filtered_out_count": 12,
  "accepted_ratio": 0.02564102564102564,
  "review_ratio": 0.1282051282051282,
  "rejected_ratio": 0.5384615384615384,
  "filtered_ratio": 0.3076923076923077,
  "avg_priority_score": 0.0,
  "avg_verification_confidence": 5.833333333333333,
  "last_seen_at": "2026-03-31T20:06:14.648557+00:00"
}