{
  "source_name": "U.S. Department of the Treasury",
  "source_domain": "home.treasury.gov",
  "records_seen": 140,
  "accepted_count": 6,
  "review_count": 29,
  "rejected_count": 65,
  "filtered_out_count": 40,
  "accepted_ratio": 0.04285714285714286,
  "review_ratio": 0.20714285714285716,
  "rejected_ratio": 0.4642857142857143,
  "filtered_ratio": 0.2857142857142857,
  "avg_priority_score": 0.0,
  "avg_verification_confidence": 5.428571428571429,
  "last_seen_at": "2026-04-03T16:48:04.153160+00:00"
}