{
  "source_name": "Federal Reserve Bank of New York",
  "source_domain": "newyorkfed.org",
  "records_seen": 151,
  "accepted_count": 17,
  "review_count": 58,
  "rejected_count": 31,
  "filtered_out_count": 45,
  "accepted_ratio": 0.11258278145695365,
  "review_ratio": 0.3841059602649007,
  "rejected_ratio": 0.2052980132450331,
  "filtered_ratio": 0.2980132450331126,
  "avg_priority_score": 0.0,
  "avg_verification_confidence": 5.346666666666667,
  "last_seen_at": "2026-04-10T03:44:45.482563+00:00"
}