{
  "source_name": "Federal Reserve Bank of New York",
  "source_domain": "newyorkfed.org",
  "records_seen": 103,
  "accepted_count": 10,
  "review_count": 31,
  "rejected_count": 23,
  "filtered_out_count": 39,
  "accepted_ratio": 0.0970873786407767,
  "review_ratio": 0.30097087378640774,
  "rejected_ratio": 0.22330097087378642,
  "filtered_ratio": 0.3786407766990291,
  "avg_priority_score": 0.0,
  "avg_verification_confidence": 5.390243902439025,
  "last_seen_at": "2026-03-31T19:35:13.694807+00:00"
}