{
  "source_name": "macro catalysts",
  "source_domain": "unknown",
  "records_seen": 153,
  "accepted_count": 1,
  "review_count": 7,
  "rejected_count": 67,
  "filtered_out_count": 78,
  "accepted_ratio": 0.006535947712418301,
  "review_ratio": 0.0457516339869281,
  "rejected_ratio": 0.43790849673202614,
  "filtered_ratio": 0.5098039215686274,
  "avg_priority_score": 0.0,
  "avg_verification_confidence": 0.0,
  "last_seen_at": "2026-04-10T03:43:29.578613+00:00"
}